kk_clade,clade_mrca,aa_muts,nt_muts
c1,NODE_0003020,"{'HA1': ['T131K', 'K135T'], 'HA2': ['V200I']}","['C440A', 'T441A', 'A452C', 'T1362C', 'G1633A']"
c2,NODE_0002849,{'HA1': ['K135N']},"['A81G', 'A453T']"
c3,NODE_0002849,{'HA1': ['K135N']},"['A81G', 'A453T']"
c4,NODE_0002817,"{'HA1': ['K92R', 'H311Q']}","['A264G', 'T279C', 'A323G', 'T538C', 'T981A']"
c5,NODE_0002817,"{'HA1': ['K92R', 'H311Q']}","['A264G', 'T279C', 'A323G', 'T538C', 'T981A']"
c6,NODE_0002467,"{'HA1': ['T131K', 'R261Q']}","['C440A', 'T441A', 'C465T', 'T705C', 'G830A', 'A1485T']"
c7,NODE_0002467,"{'HA1': ['T131K', 'R261Q']}","['C440A', 'T441A', 'C465T', 'T705C', 'G830A', 'A1485T']"
c8,NODE_0003931,{},['C1320T']
c9,NODE_0003931,{},['C1320T']
c10,NODE_0002664,"{'HA1': ['N171K'], 'HA2': ['G155E']}","['A234G', 'T561G', 'G1269A', 'G1499A']"
c11,NODE_0001881,{},"['G591T', 'A1242G']"
c12,NODE_0002071,"{'HA1': ['N31S', 'Q33R', 'D53N', 'S144R', 'N171K', 'I192T', 'Q197H']}","['A140G', 'A146G', 'G205A', 'T270C', 'A478C', 'T561A', 'T623C', 'A639T', 'G1557A']"
c13,NODE_0002041,"{'HA1': ['N144S', 'K160T', 'N225D', 'Q311H']}","['A479G', 'A527C', 'A721G', 'A981T']"
c14,NODE_0002041,"{'HA1': ['N144S', 'K160T', 'N225D', 'Q311H']}","['A479G', 'A527C', 'A721G', 'A981T']"
c15,NODE_0001743,"{'HA1': ['A138S', 'F159S', 'N225D']}","['G460T', 'T524C', 'T636A', 'A721G', 'T1104C']"
c16,NODE_0001743,"{'HA1': ['A138S', 'F159S', 'N225D']}","['G460T', 'T524C', 'T636A', 'A721G', 'T1104C']"
c17,NODE_0001332,"{'HA1': ['Q33R', 'N278K']}","['A146G', 'T882G', 'C1254A']"
c18,NODE_0003504,{},[]
c19,NODE_0001208,"{'HA1': ['A198S', 'N312S']}","['G640T', 'A983G', 'A1195C']"
c20,NODE_0001208,"{'HA1': ['A198S', 'N312S']}","['G640T', 'A983G', 'A1195C']"
c21,NODE_0000027,"{'HA1': ['D53N', 'I230V', 'E280A']}","['A108G', 'G205A', 'C690T', 'A736G', 'A887C', 'A1131G', 'G1545A']"
c22,NODE_0000027,"{'HA1': ['D53N', 'I230V', 'E280A']}","['A108G', 'G205A', 'C690T', 'A736G', 'A887C', 'A1131G', 'G1545A']"
c23,NODE_0000369,"{'HA1': ['N144K', 'N189K']}","['T480A', 'T615A', 'C1548T']"
c24,NODE_0000369,"{'HA1': ['N144K', 'N189K']}","['T480A', 'T615A', 'C1548T']"
c25,NODE_0000856,{'HA1': ['K140I']},"['A467T', 'T930C', 'A1254C', 'C1275T', 'T1296C', 'T1512C']"
c26,NODE_0000856,{'HA1': ['K140I']},"['A467T', 'T930C', 'A1254C', 'C1275T', 'T1296C', 'T1512C']"
c27,NODE_0000920,{'HA1': ['N144D']},"['C393T', 'T432G', 'A478G', 'T987C', 'A1578C']"
c28,NODE_0000865,"{'HA2': ['N46D', 'R121K']}","['T954C', 'A1171G', 'G1397A', 'A1557G']"
c29,NODE_0001075,"{'HA1': ['L25I', 'H75Q', 'H155T']}","['C121A', 'G156T', 'T273G', 'C511A', 'A512C', 'G648A', 'G1011A', 'C1044T']"
c30,NODE_0001075,"{'HA1': ['L25I', 'H75Q', 'H155T']}","['C121A', 'G156T', 'T273G', 'C511A', 'A512C', 'G648A', 'G1011A', 'C1044T']"
